{"totale_dration": 1201416.2359999851, "number_of_audio": 368960, "train_duration": 1081333.3529999994, "validation_duration": 120082.883, "train_number_of_audio": 332064, "validation_number_of_audio": 36896}