{"loss": 0.1585707813501358, "wer": 0.2151077687740326}