{"loss": 0.156253382563591, "wer": 0.20950645208358765}