{
    "number_of_audios": 18364,
    "total_duration": 48303.631999999816,
    "mean_duration": 2.6303437159660104
}